{"src/aster.c": 1714670042.6889465, "src/bullet.c": 1714670336.8911912, "src/main.c": 1714670629.4015865, "src/player.c": 1714670497.6569035, "src/scenes.c": 1714670576.0074692, "src/utils.c": 1714668253.111228, "src/globals.c": 1714670688.7363117}