{"src/aster.c": 1714670042.6889465, "src/bullet.c": 1714670336.8911912, "src/main.c": 1714669683.4351878, "src/player.c": 1714670497.6569035, "src/scenes.c": 1714669270.9812224, "src/utils.c": 1714668253.111228, "src/globals.c": 1714670378.901364}