{"src/aster.c": 1714678419.1869197, "src/bullet.c": 1714673314.6055043, "src/main.c": 1714673091.215086, "src/player.c": 1714672947.524619, "src/scenes.c": 1714674652.1678026, "src/utils.c": 1714673866.6683602, "src/globals.c": 1714670688.7363117}